hauptdokument_verkaeufer_firmaId,id,firmaInstitutionId
1,54,2
2,71,2
3,348,2
4,937,2
5,3113,2
6,3223,2
7,3436,2
8,3916,2
9,4133,2
10,4178,2
11,4740,2
12,74,4
13,112,4
14,124,4
15,163,4
16,278,4
17,280,4
18,449,4
19,566,4
20,581,4
21,582,4
22,586,4
23,1340,4
24,7115,4
25,7125,4
26,7241,4
27,7573,4
28,7617,4
29,7663,4
30,7672,4
31,7676,4
32,7728,4
33,7731,4
34,7738,4
35,8171,4
36,8172,4
37,8185,4
38,8189,4
39,8740,4
40,8776,4
41,8830,4
42,8832,4
43,8833,4
44,8834,4
45,8840,4
46,8856,4
47,8869,4
48,8879,4
49,8911,4
50,8941,4
51,8942,4
52,8993,4
53,9062,4
54,286,5
55,316,5
56,810,5
57,1513,5
58,1514,5
59,1571,5
60,2782,5
61,6932,5
62,7549,5
63,7706,5
64,7770,5
65,8757,5
66,101,9
67,291,9
68,307,9
69,580,9
70,1451,9
71,1481,9
72,1577,9
73,1627,9
74,1723,9
75,1891,9
76,1912,9
77,2087,9
78,2423,9
79,151,10
80,1554,10
81,2370,10
82,2926,10
83,3981,10
84,3995,10
85,3997,10
86,4424,10
87,4426,10
88,4432,10
89,7516,10
90,7521,10
91,7554,10
92,7591,10
93,8737,10
94,8758,10
95,2430,11
96,2906,11
97,2914,11
98,7544,11
99,155,13
100,214,13
101,229,13
102,290,13
103,305,13
104,315,13
105,318,13
106,574,13
107,635,13
108,1336,13
109,158,14
110,328,14
111,565,14
112,1579,14
113,1599,14
114,1880,14
115,1899,14
116,1910,14
117,1929,14
118,3984,14
119,4431,14
120,5622,14
121,6650,14
122,6652,14
123,6699,14
124,6700,14
125,6709,14
126,6719,14
127,6721,14
128,6722,14
129,6922,14
130,6923,14
131,6927,14
132,6929,14
133,6937,14
134,7238,14
135,7239,14
136,7376,14
137,7380,14
138,7383,14
139,7386,14
140,7387,14
141,7553,14
142,7560,14
143,7564,14
144,7655,14
145,7694,14
146,7777,14
147,8151,14
148,8175,14
149,8296,14
150,8371,14
151,8569,14
152,8728,14
153,8738,14
154,8756,14
155,8775,14
156,8778,14
157,8836,14
158,252,15
159,762,15
160,1123,15
161,1277,15
162,1365,15
163,7165,16
164,292,18
165,338,19
166,529,19
167,596,19
168,1227,19
169,1231,19
170,1928,19
171,2369,19
172,378,21
173,450,21
174,496,21
175,587,21
176,589,21
177,682,21
178,981,21
179,1033,21
180,1166,21
181,1196,21
182,375,22
183,512,22
184,528,22
185,599,22
186,1160,22
187,1170,22
188,1200,22
189,7606,22
190,7734,22
191,7757,22
192,7798,22
193,7799,22
194,7800,22
195,8193,22
196,8460,22
197,8525,22
198,8698,22
199,8797,22
200,8808,22
201,8809,22
202,8951,22
203,9000,22
204,371,23
205,511,23
206,519,23
207,1040,23
208,1162,23
209,1164,23
210,1818,23
211,6854,23
212,6872,23
213,8084,23
214,8089,23
215,8157,23
216,8439,23
217,8441,23
218,8678,23
219,8683,23
220,8803,23
221,373,24
222,499,24
223,1223,24
224,2379,24
225,3017,25
226,490,27
227,525,27
228,541,27
229,560,27
230,597,27
231,1232,27
232,1872,27
233,1932,27
234,1942,27
235,1981,27
236,1990,27
237,2022,27
238,2040,27
239,2106,27
240,2174,27
241,2231,27
242,2291,27
243,2298,27
244,2307,27
245,2318,27
246,2392,27
247,498,28
248,1029,28
249,1156,28
250,1657,28
251,1822,28
252,2387,28
253,508,29
254,592,29
255,974,29
256,1175,29
257,1188,29
258,1211,29
259,2329,29
260,2365,29
261,598,31
262,1495,31
263,1648,31
264,1649,31
265,1852,31
266,1875,31
267,1906,31
268,1909,31
269,2120,31
270,2393,31
271,2444,31
272,2445,31
273,2455,31
274,2456,31
275,593,32
276,1178,32
277,2408,32
278,756,33
279,10,34
280,12,34
281,353,34
282,358,34
283,363,34
284,763,34
285,786,34
286,1276,34
287,1361,34
288,1364,34
289,1374,34
290,1380,34
291,1386,34
292,1412,34
293,1415,34
294,1428,34
295,2474,34
296,2482,34
297,2503,34
298,2526,34
299,2552,34
300,2564,34
301,2568,34
302,2571,34
303,2583,34
304,2589,34
305,2622,34
306,2625,34
307,2628,34
308,2634,34
309,2645,34
310,2656,34
311,2682,34
312,2688,34
313,2711,34
314,2725,34
315,2742,34
316,2757,34
317,2766,34
318,2787,34
319,2791,34
320,771,35
321,1301,35
322,179,36
323,773,36
324,925,36
325,1105,36
326,1363,36
327,2508,36
328,2535,36
329,2538,36
330,2559,36
331,2595,36
332,2619,36
333,2638,36
334,2750,36
335,930,37
336,2719,37
337,2783,37
338,936,38
339,938,39
340,950,39
341,4523,39
342,4759,39
343,4858,39
344,939,40
345,1072,40
346,1124,40
347,2737,40
348,3769,40
349,3770,40
350,3904,40
351,4406,40
352,4520,40
353,4903,40
354,951,41
355,6475,41
356,1347,46
357,3764,46
358,1349,47
359,1350,48
360,1400,49
361,9,51
362,13,52
363,36,53
364,44,54
365,176,55
366,1409,56
367,1414,56
368,2459,56
369,2476,56
370,2483,56
371,2531,56
372,2567,56
373,2609,56
374,2613,56
375,2621,56
376,2631,56
377,2674,56
378,2676,56
379,2694,56
380,2743,56
381,1431,57
382,1446,59
383,1447,59
384,1448,59
385,1449,59
386,1454,59
387,1498,59
388,1499,59
389,1502,59
390,1503,59
391,1509,59
392,1521,59
393,1547,59
394,1548,59
395,1549,59
396,1637,59
397,1675,59
398,1686,59
399,1687,59
400,1691,59
401,1692,59
402,1695,59
403,1699,59
404,1713,59
405,1714,59
406,1730,59
407,1760,59
408,1967,59
409,1975,59
410,1976,59
411,1977,59
412,1991,59
413,2025,59
414,2044,59
415,2047,59
416,2059,59
417,2063,59
418,2064,59
419,2067,59
420,2103,59
421,2110,59
422,2129,59
423,2425,59
424,2426,59
425,2427,59
426,1483,61
427,1551,64
428,1600,64
429,1511,65
430,1562,65
431,1628,65
432,1793,65
433,2086,65
434,2224,65
435,2454,65
436,1604,66
437,6912,66
438,1662,67
439,1851,67
440,1869,67
441,2128,67
442,2397,67
443,2414,67
444,4289,67
445,4776,67
446,7949,67
447,7954,67
448,2125,68
449,4505,68
450,1819,73
451,2386,73
452,1877,74
453,2404,74
454,1933,75
455,2437,75
456,2162,78
457,2265,81
458,2323,82
459,2324,83
460,2479,85
461,3083,85
462,3106,85
463,3281,85
464,4706,85
465,4713,85
466,4755,85
467,5139,85
468,2487,86
469,2586,86
470,2594,86
471,2496,87
472,2497,88
473,2507,89
474,2532,89
475,2530,90
476,2539,90
477,2544,90
478,2551,90
479,2581,90
480,2644,90
481,2660,90
482,2722,90
483,2726,90
484,2729,90
485,2764,90
486,2320,92
487,2550,92
488,2772,92
489,6857,92
490,7164,92
491,7285,92
492,8099,92
493,2561,93
494,2569,93
495,2720,93
496,2755,93
497,2563,94
498,2739,94
499,2573,95
500,2587,96
501,2774,96
502,2592,97
503,2596,97
504,2723,97
505,2749,97
506,2786,97
507,2643,100
508,2651,101
509,2696,102
510,2754,104
511,2762,105
512,2770,105
513,2763,106
514,2785,107
515,2915,108
516,2916,108
517,2925,108
518,2929,108
519,2931,108
520,6674,108
521,7407,108
522,7710,108
523,2800,109
524,2803,110
525,2814,110
526,2834,110
527,2885,110
528,2919,110
529,2971,110
530,2975,110
531,3021,110
532,3025,110
533,2822,111
534,4507,111
535,7923,111
536,2824,112
537,2868,114
538,2894,114
539,2945,114
540,4425,114
541,4789,114
542,7411,114
543,7986,114
544,2870,115
545,2889,115
546,2893,115
547,3013,115
548,2871,116
549,2888,116
550,2898,117
551,2928,118
552,5176,119
553,3028,120
554,3199,120
555,3427,120
556,3683,120
557,3744,120
558,3828,120
559,3901,120
560,3917,120
561,4017,120
562,4063,120
563,4176,120
564,4457,120
565,4756,120
566,4857,120
567,3035,121
568,3052,124
569,3112,124
570,3151,124
571,3167,124
572,3356,124
573,3432,124
574,3816,124
575,3838,124
576,3880,124
577,3894,124
578,3900,124
579,3915,124
580,4015,124
581,4083,124
582,4144,124
583,4175,124
584,4225,124
585,4238,124
586,4320,124
587,4670,124
588,4948,124
589,4957,124
590,5036,124
591,5157,124
592,3070,125
593,3131,125
594,3184,125
595,3191,125
596,3294,125
597,3307,125
598,3932,125
599,4109,125
600,4173,125
601,4197,125
602,4214,125
603,4326,125
604,4337,125
605,4646,125
606,4746,125
607,4853,125
608,5140,125
609,5169,125
610,5885,125
611,3090,126
612,3116,127
613,3137,127
614,3416,127
615,3492,127
616,4128,127
617,4352,127
618,4678,127
619,4688,127
620,5100,127
621,5151,127
622,3130,128
623,3164,128
624,3306,128
625,3461,128
626,3688,128
627,3918,128
628,3924,128
629,5163,128
630,3145,130
631,4400,130
632,3159,131
633,4411,131
634,4516,131
635,4739,131
636,4897,131
637,2461,132
638,2491,132
639,2792,132
640,3175,132
641,3309,132
642,3457,132
643,3930,132
644,4340,132
645,5161,132
646,3181,133
647,3187,134
648,3222,135
649,3536,135
650,4230,135
651,5099,135
652,3259,136
653,3316,137
654,3371,137
655,3378,137
656,3524,137
657,3547,137
658,3581,137
659,3636,137
660,3693,137
661,3698,137
662,3710,137
663,3796,137
664,3799,137
665,4374,137
666,4637,137
667,5083,137
668,6509,137
669,3338,138
670,3344,138
671,3345,138
672,3505,138
673,3523,138
674,3552,138
675,3573,138
676,3628,138
677,3638,138
678,3641,138
679,3642,138
680,3665,138
681,3674,138
682,3690,138
683,3692,138
684,3696,138
685,3700,138
686,3704,138
687,3719,138
688,3749,138
689,3843,138
690,4157,138
691,4179,138
692,4372,138
693,4560,138
694,4878,138
695,5472,138
696,5670,138
697,5859,138
698,5911,138
699,3455,140
700,3931,140
701,5159,140
702,3047,142
703,3701,142
704,3731,142
705,3809,142
706,3944,142
707,3949,142
708,3751,143
709,3761,144
710,3810,144
711,3818,144
712,3775,145
713,3903,148
714,3940,150
715,5575,150
716,3829,151
717,3945,151
718,4048,152
719,4427,152
720,3994,153
721,4009,156
722,4246,157
723,4823,157
724,4248,158
725,4821,158
726,7410,158
727,7648,158
728,7883,158
729,4072,160
730,4139,161
731,5389,161
732,4166,162
733,4171,163
734,4711,163
735,4844,163
736,4309,164
737,4315,165
738,4341,166
739,4383,166
740,4707,166
741,4719,166
742,4747,166
743,5170,166
744,4367,167
745,4385,169
746,4891,169
747,4389,170
748,4414,171
749,4951,171
750,5224,174
751,8004,175
752,3144,177
753,4517,177
754,6315,177
755,6415,177
756,6504,177
757,4522,178
758,4531,179
759,4905,179
760,4539,180
761,4679,181
762,5969,181
763,4692,182
764,4693,183
765,4705,184
766,5133,184
767,4791,186
768,4815,187
769,4769,188
770,4883,189
771,4933,190
772,4973,191
773,5084,192
774,5147,192
775,5089,193
776,5090,194
777,1406,195
778,5177,195
779,6004,195
780,6375,195
781,5390,199
782,5536,200
783,5619,201
784,5821,202
785,5918,203
786,5999,204
787,6006,206
788,6011,207
789,6012,208
790,6019,209
791,6702,209
792,6034,210
793,6037,211
794,6044,212
795,6068,214
796,6070,215
797,6083,216
798,6084,217
799,6104,219
800,6106,220
801,6122,221
802,6136,222
803,6140,223
804,6203,226
805,6224,227
806,6296,228
807,6153,229
808,6345,229
809,6387,230
810,6390,231
811,6392,232
812,6493,234
813,6495,235
814,6643,237
815,6254,239
816,6670,240
817,6910,240
818,6682,241
819,6733,241
820,6934,241
821,7314,241
822,7328,241
823,7336,241
824,7388,241
825,6727,242
826,6782,242
827,6814,242
828,6840,242
829,6868,242
830,6871,242
831,7253,242
832,7297,242
833,6743,243
834,6744,244
835,6894,244
836,6905,244
837,7318,244
838,7333,244
839,7354,244
840,6759,245
841,6956,245
842,6761,246
843,6961,246
844,6763,247
845,6969,247
846,8817,247
847,6883,248
848,6886,249
849,6900,249
850,6931,251
851,7460,251
852,7461,251
853,7487,251
854,7488,251
855,7510,251
856,7561,251
857,7817,251
858,8060,251
859,8061,251
860,8062,251
861,8063,251
862,8064,251
863,8573,251
864,8574,251
865,6962,252
866,6974,253
867,7012,254
868,7050,254
869,7179,254
870,7247,254
871,7252,254
872,7264,254
873,7132,256
874,7686,256
875,7788,256
876,8729,256
877,9048,256
878,7154,257
879,7155,257
880,7156,257
881,7157,257
882,7158,257
883,7159,257
884,7688,257
885,7689,257
886,7690,257
887,7691,257
888,8030,257
889,8599,257
890,8629,257
891,8630,257
892,8669,257
893,8741,257
894,8742,257
895,8743,257
896,8744,257
897,8745,257
898,8751,257
899,8772,257
900,8773,257
901,8774,257
902,9010,257
903,9013,257
904,9015,257
905,9031,257
906,9032,257
907,9033,257
908,9034,257
909,7254,259
910,7270,260
911,7340,262
912,7355,263
913,7362,264
914,7363,264
915,7414,266
916,7453,266
917,7701,266
918,7454,267
919,7994,267
920,7998,267
921,7459,268
922,7482,269
923,7612,269
924,7614,269
925,7615,269
926,7625,269
927,7630,269
928,7631,269
929,7633,269
930,7740,269
931,7752,269
932,7772,269
933,7783,269
934,7825,269
935,7840,269
936,7861,269
937,8078,269
938,8088,269
939,8114,269
940,8140,269
941,8204,269
942,8320,269
943,8465,269
944,8468,269
945,8484,269
946,8500,269
947,8530,269
948,8532,269
949,8534,269
950,8649,269
951,8706,269
952,8707,269
953,8710,269
954,8784,269
955,8795,269
956,8877,269
957,9059,269
958,7519,270
959,8211,270
960,8269,270
961,8456,270
962,7571,271
963,8236,271
964,7603,272
965,8121,272
966,73,273
967,232,273
968,367,273
969,567,273
970,7616,273
971,7618,273
972,7619,273
973,7771,273
974,7775,273
975,8180,273
976,8181,273
977,8184,273
978,8223,273
979,8471,273
980,8611,273
981,8814,273
982,8815,273
983,8841,273
984,8982,273
985,7646,275
986,7931,275
987,7932,275
988,7732,277
989,8205,277
990,8499,277
991,8527,277
992,8675,277
993,8700,277
994,8770,277
995,7787,278
996,8101,278
997,8463,278
998,8481,278
999,8695,278
1000,8837,278
1001,8086,280
1002,8400,280
1003,8536,280
1004,8689,280
1005,8691,280
1006,9049,280
1007,8109,281
1008,8496,281
1009,8575,282
1010,8576,282
1011,8577,282
1012,8578,282
1013,8579,282
1014,8580,282
1015,8581,282
1016,8582,282
1017,8584,282
1018,8619,283
1019,339,284
1020,374,284
1021,520,284
1022,524,284
1023,602,284
1024,1163,284
1025,1205,284
1026,1210,284
1027,1658,284
1028,1827,284
1029,1849,284
1030,1927,284
1031,2328,284
1032,2359,284
1033,8647,284
1034,8684,284
1035,8694,284
1036,8768,284
1037,8782,284
1038,8950,284
1039,6898,309
1040,2806,411
1041,1661,436
1042,1846,436
1043,591,503
1044,2545,514
1045,6145,516
1046,6393,516
1047,5239,517
1048,3939,521
1049,907,528
1050,2744,532
1051,3374,532
1052,3615,532
1053,3747,532
1054,3774,532
1055,3783,532
1056,3787,532
1057,2590,538
1058,2794,538
1059,6706,538
1060,7370,538
1061,2771,549
1062,3088,555
1063,3410,555
1064,3762,555
1065,3869,555
1066,3326,556
1067,9285,4
1068,9286,4
1069,9287,4
1070,9296,4
1071,9298,4
1072,9349,4
1073,9370,4
1074,9732,4
1075,9738,4
1076,9752,4
1077,9758,4
1078,9788,4
1079,9795,4
1080,10407,4
1081,10618,4
1082,10714,5
1083,11807,5
1084,13985,5
1085,9332,10
1086,9450,10
1087,9466,10
1088,9743,10
1089,10018,10
1090,14865,10
1091,15207,10
1092,15838,10
1093,16953,10
1094,11806,11
1095,14758,11
1096,14759,11
1097,10598,13
1098,9155,14
1099,9249,14
1100,9426,14
1101,9458,14
1102,9464,14
1103,9465,14
1104,9739,14
1105,9740,14
1106,9760,14
1107,9779,14
1108,10219,14
1109,10864,14
1110,10873,14
1111,11602,14
1112,11636,14
1113,11656,14
1114,11763,14
1115,12012,14
1116,12063,14
1117,12083,14
1118,12257,14
1119,13463,14
1120,13831,14
1121,14275,14
1122,14276,14
1123,14277,14
1124,14280,14
1125,14452,14
1126,14625,14
1127,15384,14
1128,15409,14
1129,15795,14
1130,15933,14
1131,15937,14
1132,15940,14
1133,15955,14
1134,16702,14
1135,17353,14
1136,17373,14
1137,12312,15
1138,9783,19
1139,9790,19
1140,10566,19
1141,9257,22
1142,9494,22
1143,9512,22
1144,9682,22
1145,9765,22
1146,10460,22
1147,10479,22
1148,10519,22
1149,9140,23
1150,9181,23
1151,9412,23
1152,9663,23
1153,10497,23
1154,10503,23
1155,10521,23
1156,16209,23
1157,16313,23
1158,16318,23
1159,17443,23
1160,17634,23
1161,15371,25
1162,15760,25
1163,15766,25
1164,15879,25
1165,15936,25
1166,16266,25
1167,16268,25
1168,16437,25
1169,16980,25
1170,17022,25
1171,17086,25
1172,17120,25
1173,17424,25
1174,17425,25
1175,9483,27
1176,9509,27
1177,9578,27
1178,9685,27
1179,10530,27
1180,10570,27
1181,16039,27
1182,16225,27
1183,16254,27
1184,16265,27
1185,16288,27
1186,16290,27
1187,16294,27
1188,16494,27
1189,16544,27
1190,16972,27
1191,17205,27
1192,17208,27
1193,17276,27
1194,17290,27
1195,17483,27
1196,17502,27
1197,17524,27
1198,17611,27
1199,17665,27
1200,17667,27
1201,17717,27
1202,9662,28
1203,10480,28
1204,10496,28
1205,9668,29
1206,10412,29
1207,10453,29
1208,10470,29
1209,15396,31
1210,15504,31
1211,15644,31
1212,15963,31
1213,16110,31
1214,16255,31
1215,16261,31
1216,16289,31
1217,16295,31
1218,16325,31
1219,16556,31
1220,17405,31
1221,17481,31
1222,17484,31
1223,17487,31
1224,17523,31
1225,10056,36
1226,10064,36
1227,10162,36
1228,10206,36
1229,10233,36
1230,10635,36
1231,10648,36
1232,11545,36
1233,11623,36
1234,12126,36
1235,12158,36
1236,12390,36
1237,12481,36
1238,12491,36
1239,12514,36
1240,12561,36
1241,12580,36
1242,12879,36
1243,12880,36
1244,12948,36
1245,13018,36
1246,13072,36
1247,13095,36
1248,13125,36
1249,13175,36
1250,13185,36
1251,13197,36
1252,13286,36
1253,13399,36
1254,13400,36
1255,13544,36
1256,13555,36
1257,13888,36
1258,13917,36
1259,14063,36
1260,14070,36
1261,14098,36
1262,14264,36
1263,14473,36
1264,14897,36
1265,14922,36
1266,15047,36
1267,15063,36
1268,15081,36
1269,15329,36
1270,15330,36
1271,10834,41
1272,11609,41
1273,12175,41
1274,12993,41
1275,13421,41
1276,13434,41
1277,15002,41
1278,10061,56
1279,10095,56
1280,10190,56
1281,10262,56
1282,10264,56
1283,10320,56
1284,10355,56
1285,10365,56
1286,10654,56
1287,10709,56
1288,10870,56
1289,10976,56
1290,11095,56
1291,11164,56
1292,11265,56
1293,11278,56
1294,11282,56
1295,11424,56
1296,11433,56
1297,11440,56
1298,11532,56
1299,12116,56
1300,12127,56
1301,12130,56
1302,13405,56
1303,13460,56
1304,13492,56
1305,13508,56
1306,13513,56
1307,13786,56
1308,13810,56
1309,13861,56
1310,14228,56
1311,14242,56
1312,14339,56
1313,14443,56
1314,14469,56
1315,14732,64
1316,15857,64
1317,15861,64
1318,15863,64
1319,16999,64
1320,14197,66
1321,11766,67
1322,11898,67
1323,15395,67
1324,15408,67
1325,16189,67
1326,16199,67
1327,16234,67
1328,16238,67
1329,16525,67
1330,16587,67
1331,16903,67
1332,17428,67
1333,17500,67
1334,17508,67
1335,9574,68
1336,9640,68
1337,11939,68
1338,14760,68
1339,15424,68
1340,15508,68
1341,15675,68
1342,15696,68
1343,16190,68
1344,16200,68
1345,16247,68
1346,16279,68
1347,16330,68
1348,16390,68
1349,16391,68
1350,16392,68
1351,16873,68
1352,16921,68
1353,17019,68
1354,17053,68
1355,17432,68
1356,17512,68
1357,17545,68
1358,17591,68
1359,17711,68
1360,10575,72
1361,15370,72
1362,17119,72
1363,14791,73
1364,15721,73
1365,15946,73
1366,16314,73
1367,16932,73
1368,17489,73
1369,17540,73
1370,17552,73
1371,15844,74
1372,16101,74
1373,16221,74
1374,16504,74
1375,16966,74
1376,17336,74
1377,17445,74
1378,17716,74
1379,10072,81
1380,16922,82
1381,17118,82
1382,10471,92
1383,11513,92
1384,11524,92
1385,12941,92
1386,13426,92
1387,13536,92
1388,14175,92
1389,14929,92
1390,14947,92
1391,10298,93
1392,10779,93
1393,10899,93
1394,10824,96
1395,11561,96
1396,14183,96
1397,14940,96
1398,11020,108
1399,11735,108
1400,11808,108
1401,11821,108
1402,11860,108
1403,11686,110
1404,15539,111
1405,11490,114
1406,11764,114
1407,11903,114
1408,11911,114
1409,11986,114
1410,12608,114
1411,12726,114
1412,13583,114
1413,13595,114
1414,11492,115
1415,12615,115
1416,12617,115
1417,13594,115
1418,13730,115
1419,12609,117
1420,12628,117
1421,12647,117
1422,13592,117
1423,11933,118
1424,12621,118
1425,12682,118
1426,13602,118
1427,12311,119
1428,12226,152
1429,12249,152
1430,12348,152
1431,12372,152
1432,12391,152
1433,12526,152
1434,12604,152
1435,12833,152
1436,13587,152
1437,13612,152
1438,12072,153
1439,12073,153
1440,12086,153
1441,11913,158
1442,11744,186
1443,10876,209
1444,10983,209
1445,11525,209
1446,13338,209
1447,14287,209
1448,12058,223
1449,12265,223
1450,13512,239
1451,15105,239
1452,15369,239
1453,15379,239
1454,17277,239
1455,12029,249
1456,9274,256
1457,9297,256
1458,9305,256
1459,9368,256
1460,9083,257
1461,9097,257
1462,9102,257
1463,9128,257
1464,9129,257
1465,9130,257
1466,9149,257
1467,9288,257
1468,9289,257
1469,9290,257
1470,9291,257
1471,15093,264
1472,15295,264
1473,15298,264
1474,15321,264
1475,15350,264
1476,11191,266
1477,11489,266
1478,11661,266
1479,11906,266
1480,11914,266
1481,11926,266
1482,11993,266
1483,11484,267
1484,11762,267
1485,11904,267
1486,11990,267
1487,12005,268
1488,9106,269
1489,9148,269
1490,9205,269
1491,9218,269
1492,9247,269
1493,9248,269
1494,9254,269
1495,9269,269
1496,9346,269
1497,9496,269
1498,9504,269
1499,9519,269
1500,9543,269
1501,9544,269
1502,9545,269
1503,9546,269
1504,9675,269
1505,9681,269
1506,9703,269
1507,9704,269
1508,9764,269
1509,9785,269
1510,9789,269
1511,9797,269
1512,9798,269
1513,9803,269
1514,9804,269
1515,9838,269
1516,9928,269
1517,10009,269
1518,10372,269
1519,10416,269
1520,10475,269
1521,10477,269
1522,10526,269
1523,10552,269
1524,10555,269
1525,10564,269
1526,10571,269
1527,9282,271
1528,10175,271
1529,10886,271
1530,10887,271
1531,14223,271
1532,15328,271
1533,9324,273
1534,9472,273
1535,9562,273
1536,9796,273
1537,12023,275
1538,9162,277
1539,9186,277
1540,9202,277
1541,9207,277
1542,9258,277
1543,9123,278
1544,9131,278
1545,9177,278
1546,9117,280
1547,9197,280
1548,9234,280
1549,9252,280
1550,9183,281
1551,9157,284
1552,9168,284
1553,9225,284
1554,9498,284
1555,9517,284
1556,9666,284
1557,9678,284
1558,9768,284
1559,9806,284
1560,10461,284
1561,10493,284
1562,10517,284
1563,16194,284
1564,17421,284
1565,17436,284
1566,17494,284
1567,9133,287
1568,9134,287
1569,9135,287
1570,9136,287
1571,9267,288
1572,9431,289
1573,9493,290
1574,9511,290
1575,9607,290
1576,9620,290
1577,9793,290
1578,9794,290
1579,9854,290
1580,9939,290
1581,10103,290
1582,10104,290
1583,10105,290
1584,10108,290
1585,10410,290
1586,10423,290
1587,9525,291
1588,9861,293
1589,10642,293
1590,12938,293
1591,12962,293
1592,13103,293
1593,13146,293
1594,13871,293
1595,13887,293
1596,13916,293
1597,13928,293
1598,14190,293
1599,14304,293
1600,14933,293
1601,14964,293
1602,15264,293
1603,15275,293
1604,9868,294
1605,10644,294
1606,10645,294
1607,10646,294
1608,10892,294
1609,10985,294
1610,11521,294
1611,13187,294
1612,10047,296
1613,9865,297
1614,12108,297
1615,12999,297
1616,13503,297
1617,13860,297
1618,15259,297
1619,10083,299
1620,10152,299
1621,10213,301
1622,10230,302
1623,12420,302
1624,13911,302
1625,10312,306
1626,10773,306
1627,10810,306
1628,10825,306
1629,10840,306
1630,10844,306
1631,10907,306
1632,10918,306
1633,11505,306
1634,11554,306
1635,10428,307
1636,10557,309
1637,10628,310
1638,12032,310
1639,12190,310
1640,12282,310
1641,12288,310
1642,12358,310
1643,13000,310
1644,13325,310
1645,13778,310
1646,13802,310
1647,13838,310
1648,13856,310
1649,13951,310
1650,14235,310
1651,14251,310
1652,14346,310
1653,15258,310
1654,15346,310
1655,10629,311
1656,10666,311
1657,10860,311
1658,12035,311
1659,12076,311
1660,12103,311
1661,12151,311
1662,12161,311
1663,12186,311
1664,12266,311
1665,12281,311
1666,12308,311
1667,12998,311
1668,13121,311
1669,13320,311
1670,13330,311
1671,13496,311
1672,13498,311
1673,13776,311
1674,13800,311
1675,13807,311
1676,13821,311
1677,13827,311
1678,13858,311
1679,13947,311
1680,14233,311
1681,14347,311
1682,14351,311
1683,14353,311
1684,15074,311
1685,15253,311
1686,15254,311
1687,15348,311
1688,12926,313
1689,12940,313
1690,13071,313
1691,13144,313
1692,13873,313
1693,13963,313
1694,14094,313
1695,14301,313
1696,14858,313
1697,14893,313
1698,14920,313
1699,14979,313
1700,15203,313
1701,10686,315
1702,10790,317
1703,11403,317
1704,11406,317
1705,11429,317
1706,12400,317
1707,10821,319
1708,13876,319
1709,10836,321
1710,10856,322
1711,11676,328
1712,11759,328
1713,11682,329
1714,11760,329
1715,12982,333
1716,14994,333
1717,11849,337
1718,11850,337
1719,11948,338
1720,12067,339
1721,12316,339
1722,12066,340
1723,12077,342
1724,10877,343
1725,12113,343
1726,12129,343
1727,10058,344
1728,10075,344
1729,11438,344
1730,11504,344
1731,12141,344
1732,12548,344
1733,12905,344
1734,13047,344
1735,13138,344
1736,13896,344
1737,13970,344
1738,14074,344
1739,14306,344
1740,14686,344
1741,14848,344
1742,14941,344
1743,10687,346
1744,12185,346
1745,13090,346
1746,13107,346
1747,15122,346
1748,15206,346
1749,15208,346
1750,13929,347
1751,12207,348
1752,14216,348
1753,14299,348
1754,14982,348
1755,12292,349
1756,12398,352
1757,12409,352
1758,12616,355
1759,12725,355
1760,13582,355
1761,13593,355
1762,12625,356
1763,13622,356
1764,10818,358
1765,11528,358
1766,12925,358
1767,13173,358
1768,13532,358
1769,14949,358
1770,12944,359
1771,12961,359
1772,12958,360
1773,13080,360
1774,12997,361
1775,13126,361
1776,13007,363
1777,13019,364
1778,13048,365
1779,13941,365
1780,14044,365
1781,14305,365
1782,13086,366
1783,13110,367
1784,11644,369
1785,13147,369
1786,13937,369
1787,14173,369
1788,13391,376
1789,12956,377
1790,13064,377
1791,13075,377
1792,13388,377
1793,13561,377
1794,13564,377
1795,15112,377
1796,15195,377
1797,13571,378
1798,13572,378
1799,13573,378
1800,13746,378
1801,13751,378
1802,13752,378
1803,13753,378
1804,13754,378
1805,13755,378
1806,13756,378
1807,13757,378
1808,13758,378
1809,13759,378
1810,13760,378
1811,13761,378
1812,13762,378
1813,13766,378
1814,13767,378
1815,13768,378
1816,13769,378
1817,13770,378
1818,13774,378
1819,13775,378
1820,15027,378
1821,15028,378
1822,15029,378
1823,15092,378
1824,15099,378
1825,15100,378
1826,15279,378
1827,15302,378
1828,13681,379
1829,13639,380
1830,13615,381
1831,13620,381
1832,13718,381
1833,13815,384
1834,13877,385
1835,13880,385
1836,13879,386
1837,13881,387
1838,13908,388
1839,13921,389
1840,13950,390
1841,14039,391
1842,15042,391
1843,14177,392
1844,14241,395
1845,14285,396
1846,14853,396
1847,14363,398
1848,14448,399
1849,14453,399
1850,14456,399
1851,14495,400
1852,14496,401
1853,14514,402
1854,14675,407
1855,14765,411
1856,14887,412
1857,14975,416
1858,15059,417
1859,15090,418
1860,15094,418
1861,15121,421
1862,15251,422
1863,15344,422
1864,15280,423
1865,15322,425
1866,15400,426
1867,16272,426
1868,16920,426
1869,17316,426
1870,17719,426
1871,15432,427
1872,16411,427
1873,17078,427
1874,15374,428
1875,15759,428
1876,15918,428
1877,17061,428
1878,15389,429
1879,15515,430
1880,15527,430
1881,16038,430
1882,16356,430
1883,16538,430
1884,16877,430
1885,17175,430
1886,17511,430
1887,17543,430
1888,17593,430
1889,15584,431
1890,15706,432
1891,15814,432
1892,15818,432
1893,16219,432
1894,16258,432
1895,16262,432
1896,16270,432
1897,16333,432
1898,16495,432
1899,16952,432
1900,16965,432
1901,17444,432
1902,17521,432
1903,17616,432
1904,17714,432
1905,16224,433
1906,16545,433
1907,16784,433
1908,15711,434
1909,15719,435
1910,15816,436
1911,16308,436
1912,16524,436
1913,16541,436
1914,16956,436
1915,17252,436
1916,17542,436
1917,17597,436
1918,15784,438
1919,15791,439
1920,16088,439
1921,17100,439
1922,15805,440
1923,15997,441
1924,16227,446
1925,16319,447
1926,16338,447
1927,16600,447
1928,17466,447
1929,16341,448
1930,17467,448
1931,16573,451
1932,16630,452
1933,16720,453
1934,15555,454
1935,15618,454
1936,15748,454
1937,16821,454
1938,17273,454
1939,16923,455
1940,16979,457
1941,17041,458
1942,17060,459
1943,17203,462
1944,17243,463
1945,17439,464
1946,17607,466
1947,17608,467
1948,17625,468
1949,17692,469
1950,17742,473
1951,12789,482
1952,13685,489
1953,11635,513
1954,15574,515
1955,10996,532
1956,11125,532
1957,11270,532
1958,11277,532
1959,13939,532
1960,14511,532
1961,14944,532
1962,14676,533
1963,11352,536
1964,10186,538
1965,10674,538
1966,10863,538
1967,10868,538
1968,12048,538
1969,12170,538
1970,10030,541
1971,10041,541
1972,10059,541
1973,15326,541
1974,12442,547
1975,13025,548
1976,13848,550
1977,14266,551
1978,10182,552
1979,10690,553
1980,10904,554
1981,15310,556
1982,15319,556
1983,20155,10
1984,18493,14
1985,18607,14
1986,18626,14
1987,18672,14
1988,18738,14
1989,19144,14
1990,20655,14
1991,21449,14
1992,21464,14
1993,21495,14
1994,21541,14
1995,20646,21
1996,18414,23
1997,18187,25
1998,18333,25
1999,18485,25
2000,18671,25
2001,18715,25
2002,18766,25
2003,18773,25
2004,18988,25
2005,19081,25
2006,19097,25
2007,19106,25
2008,19160,25
2009,19812,25
2010,19814,25
2011,19903,25
2012,20757,25
2013,20952,25
2014,20979,25
2015,21120,25
2016,21420,25
2017,21484,25
2018,21534,25
2019,21550,25
2020,18227,27
2021,18491,27
2022,19379,27
2023,19556,27
2024,19722,27
2025,20313,27
2026,20322,27
2027,20771,27
2028,18068,31
2029,18228,31
2030,18494,31
2031,18758,31
2032,18558,67
2033,19197,67
2034,19207,67
2035,19239,67
2036,19270,67
2037,19276,67
2038,19314,67
2039,19717,67
2040,20258,67
2041,20267,67
2042,20514,67
2043,20717,67
2044,20828,67
2045,21316,67
2046,17898,68
2047,18105,68
2048,18465,68
2049,19174,68
2050,19187,68
2051,19262,68
2052,19290,68
2053,19326,68
2054,19432,68
2055,19443,68
2056,19692,68
2057,19988,68
2058,20178,68
2059,20292,68
2060,20509,68
2061,20530,68
2062,20544,68
2063,20861,68
2064,21313,68
2065,18370,72
2066,18677,72
2067,19868,72
2068,19873,72
2069,21136,72
2070,21160,72
2071,18949,111
2072,20158,111
2073,20230,111
2074,20385,123
2075,19052,158
2076,19349,158
2077,19538,158
2078,20117,158
2079,20211,158
2080,20248,158
2081,20279,158
2082,20359,158
2083,18734,239
2084,19044,239
2085,19047,239
2086,18648,276
2087,21652,293
2088,21632,311
2089,21649,317
2090,21118,363
2091,18128,427
2092,18433,428
2093,18646,428
2094,18701,428
2095,17925,430
2096,18194,430
2097,18488,430
2098,21619,430
2099,18067,432
2100,18483,433
2101,21219,435
2102,21400,435
2103,17853,436
2104,18373,446
2105,18604,447
2106,17866,451
2107,18377,451
2108,18400,454
2109,18728,454
2110,17960,458
2111,18693,458
2112,17914,467
2113,18788,471
2114,18897,471
2115,19070,471
2116,18805,472
2117,18043,474
2118,18045,475
2119,18183,476
2120,18580,477
2121,18609,478
2122,18625,479
2123,18934,482
2124,19017,482
2125,19166,482
2126,19878,482
2127,19941,482
2128,20162,482
2129,20625,482
2130,20963,482
2131,21200,482
2132,21377,482
2133,18951,483
2134,18983,484
2135,19065,484
2136,19148,484
2137,19220,484
2138,20289,484
2139,21447,484
2140,21497,484
2141,19002,485
2142,18821,486
2143,19007,486
2144,19105,486
2145,21402,486
2146,19125,487
2147,19292,487
2148,19437,487
2149,20249,487
2150,20259,487
2151,20421,487
2152,20504,487
2153,20517,487
2154,20826,487
2155,20859,487
2156,20893,487
2157,21065,487
2158,19130,488
2159,21414,488
2160,19366,489
2161,19372,489
2162,19462,489
2163,19792,489
2164,20573,489
2165,20704,489
2166,19367,490
2167,19446,491
2168,19642,491
2169,19708,492
2170,19986,494
2171,19886,495
2172,19947,495
2173,21138,495
2174,21533,495
2175,20097,496
2176,20229,497
2177,21561,497
2178,20300,498
2179,20404,499
2180,21267,499
2181,20553,501
2182,20597,502
2183,19428,503
2184,20467,503
2185,20591,503
2186,21215,503
2187,20668,504
2188,21034,505
2189,21068,506
2190,21235,507
2191,21314,508
2192,21380,509
2193,21385,510
2194,21433,511
2195,19747,518
2196,19751,519
2197,19757,520
2198,19760,521
2199,20040,522
2200,20583,523
2201,20868,524
2202,20876,525
2203,21429,526
2204,21614,532
2205,21615,532
