personen_identischId,personenId1,personenId2
1,39,40
2,39,41
4,40,41
8,88,89
9,88,90
10,88,91
12,89,90
13,89,91
17,90,91
22,223,222
26,7997,273
28,289,280
30,292,291
31,295,296
32,295,297
33,295,298
35,296,297
36,296,298
39,297,298
43,299,300
45,306,309
50,5140,351
52,368,367
53,364,365
54,364,366
56,365,366
60,374,373
62,386,382
63,387,388
66,392,391
68,415,416
69,425,426
70,425,427
72,426,427
77,432,431
79,434,433
80,441,442
82,446,444
83,446,443
86,452,451
87,452,453
88,453,451
90,456,457
91,456,458
92,456,459
95,459,458
97,457,458
99,457,459
103,455,458
105,464,465
106,464,466
107,464,467
108,464,468
109,464,469
111,465,467
112,465,468
114,466,469
117,467,468
118,467,469
121,468,469
127,104,105
128,135,138
131,143,136
133,146,145
134,470,472
136,475,476
137,475,477
138,7999,475
139,7999,476
143,477,476
144,477,7999
149,485,484
150,486,489
151,486,490
152,486,491
154,490,489
155,490,491
160,491,489
162,504,507
166,517,516
167,518,516
169,524,523
171,532,533
172,536,537
173,536,538
175,537,538
178,547,549
179,548,549
182,555,556
184,573,575
186,587,588
188,591,592
189,591,593
191,592,593
194,603,608
196,609,605
198,619,8001
200,668,667
202,670,673
204,674,675
205,674,676
206,674,677
208,675,676
209,675,677
212,676,677
216,682,683
218,686,687
220,701,702
222,710,712
223,712,710
225,723,722
226,724,722
227,724,723
230,739,738
232,746,747
234,763,761
238,762,761
239,762,763
240,766,768
244,766,772
246,768,772
248,783,782
251,785,784
253,786,784
254,786,785
255,788,789
258,793,798
264,799,794
266,796,794
267,796,799
270,803,804
273,841,843
276,844,842
278,850,849
280,867,865
282,878,877
284,880,879
286,891,893
288,937,936
293,943,940
294,943,944
295,943,945
296,944,940
298,944,945
299,945,940
302,947,948
303,948,947
305,968,967
306,970,971
308,977,978
310,1009,999
312,1006,1002
314,1001,1007
316,1016,1010
317,1016,1011
318,1010,1011
322,1021,1030
323,1021,1031
327,1031,1030
328,1022,1030
329,1022,1035
330,1024,1022
332,1024,1035
335,1025,1026
337,1028,1025
338,1028,1026
339,1027,1029
340,1027,1035
341,1027,1036
344,1024,1029
346,1029,1035
347,1029,1036
351,1035,1036
356,1036,1024
357,1032,1034
359,1047,1048
360,1047,1050
363,1055,1056
365,1071,1073
366,1071,1074
368,1073,1074
371,1083,1084
373,1102,1103
375,1113,1105
378,1109,1112
379,1113,1114
382,1114,1105
383,1116,1117
385,1126,1129
387,1135,1137
389,1136,1138
391,1149,1150
394,1157,1153
395,1191,1192
397,1192,1193
399,1195,1196
401,1216,1217
402,1216,1218
403,8002,1262
405,1263,1261
407,1267,1274
409,1272,1275
411,1283,1285
413,1289,1290
414,1289,1291
416,1290,1291
420,1290,8003
422,8003,1289
424,8003,1291
425,1328,1329
427,1334,1335
429,1343,1346
431,1349,8004
433,1351,1352
435,1332,1363
437,1375,1376
438,1375,1377
440,1376,1377
443,1378,1379
445,1383,1384
447,1388,1389
449,1428,1429
450,1428,1430
452,1429,1430
455,1446,1447
457,8005,1459
459,1462,1463
461,1466,1467
463,1499,1501
464,1499,1502
466,1501,1502
469,1508,1507
474,1523,1525
476,1530,1531
478,1535,1536
479,1535,1537
480,1535,1538
482,1536,1537
483,1536,1538
486,1537,1538
491,1540,1539
493,8008,1548
494,1565,1567
497,1568,1566
500,1570,1565
501,1570,1567
504,1588,1590
506,1638,1640
508,1642,1643
510,1650,1651
514,1651,1652
515,1651,1654
516,1652,1650
519,1654,1650
521,1654,1652
522,1649,1651
523,1649,1654
527,1673,1676
528,1675,1673
529,1675,1676
535,1678,1680
539,1680,1678
546,1694,1695
553,1741,1742
557,1740,1742
558,1790,1794
560,1793,1791
564,1852,1853
566,1856,1855
567,1856,1858
570,1859,1860
571,1859,1862
573,1860,1862
576,1871,1872
577,1871,1874
580,1872,1874
583,1876,1878
584,1876,1879
586,1878,1879
589,1910,1911
591,1926,1922
593,1923,1922
594,1923,1926
597,1937,1940
599,1961,1957
601,8012,1962
603,1988,1989
605,1992,1993
607,1997,1996
610,2000,1997
611,1996,2000
613,1998,1999
615,1929,1939
617,2010,2011
619,2014,2015
621,2022,2023
622,2022,2024
626,2024,2023
627,2032,2031
629,2033,2038
631,2054,2056
633,2073,2071
635,2076,2080
637,2082,2083
639,2096,2094
645,2098,2094
646,2098,2096
647,2122,2123
649,2126,2127
653,2170,2168
654,2170,2171
658,2176,2175
659,2186,2187
661,2199,2200
664,2200,2202
665,2202,2199
667,2211,2210
669,2232,2225
671,2205,2227
673,2239,2240
675,2260,2259
677,2265,2266
679,2267,2268
681,2272,2273
682,2273,2272
683,2274,2275
685,2296,2304
687,2331,2332
689,2338,2339
691,2344,2345
694,2353,2348
695,2359,2360
697,2362,2363
700,2379,2380
701,2400,2401
705,2410,2411
706,2410,2421
708,2411,2421
710,8015,2419
711,2423,2407
712,2413,2425
715,2427,2425
717,2413,2427
718,2462,2463
720,2466,2469
722,2472,8016
723,2465,2472
724,2465,8016
731,2472,2474
733,2465,2474
734,8016,2474
735,2478,2479
737,2507,2492
739,2498,2500
743,2519,2498
744,2512,2517
746,8019,8018
748,2527,2528
750,2544,2536
752,2537,2540
754,2539,2531
755,2539,2538
758,2554,2577
760,2580,2565
763,2584,2593
765,2600,2570
769,2633,2634
771,2644,2645
773,2652,2653
775,2675,2677
777,2680,2687
779,2688,2685
781,2690,2691
783,2701,2707
785,2702,2715
787,2709,2697
788,2709,2710
791,2732,2731
794,2731,2733
795,2732,2733
796,2742,2743
798,2766,2763
800,2770,2772
802,2779,2778
804,2785,2786
806,2789,2790
808,2796,2792
810,2801,2802
812,2861,2864
814,2842,2843
817,2826,2834
818,2844,2845
820,2856,2857
823,2857,2858
824,2858,2856
826,2876,2878
828,2879,2880
830,2887,2893
832,2889,2888
833,2889,2890
834,2889,2893
836,2889,2892
837,2887,2889
840,2890,2888
844,2892,2890
845,2900,2901
849,2902,2900
850,2902,2901
851,2903,2904
853,2927,2929
855,2926,2928
857,2933,2932
859,2937,2938
861,2948,2943
863,2954,2955
866,2970,2969
867,2977,2981
871,2981,2977
872,2981,2979
873,2978,2982
874,2982,2978
876,2986,2988
877,3003,3001
880,3031,3033
882,3032,3033
883,3031,3032
885,3032,3034
887,3033,3034
888,3034,3031
891,3035,3016
893,3052,3053
895,3056,3054
897,3065,3066
899,3077,3078
900,3077,3079
902,3079,3078
905,3096,3106
907,3135,3136
909,3146,3148
911,3171,3172
913,3181,3182
914,3181,3185
916,3182,3185
920,3183,3184
922,3193,3194
923,3199,3203
930,3201,3204
932,3200,3201
933,3200,3204
935,3208,3200
936,3208,3201
937,3208,3204
938,3202,3206
939,3202,3207
941,3206,3207
944,3220,3219
947,3235,3234
948,3258,7633
950,3270,3271
952,3272,3274
956,3273,3272
957,3273,3274
958,3296,3295
960,3299,3300
962,3309,3310
965,3340,3337
967,3342,3348
968,3347,3352
969,3347,3355
971,3352,3355
974,3357,3358
975,3358,3357
976,3366,3396
978,3367,3368
981,3369,3368
982,3377,3382
985,3396,3398
986,3461,3462
987,3475,3477
988,3476,3477
991,3489,3495
993,3539,3540
995,3552,3551
997,3596,3597
998,3596,3598
999,3596,3599
1001,3597,3598
1002,3597,3599
1009,3599,3598
1011,3607,3609
1014,3609,3601
1016,8024,3609
1020,3603,3608
1022,3604,3605
1023,3604,3608
1026,3605,3608
1030,3617,3618
1034,3622,35
1035,3622,3620
1037,3624,3626
1040,3618,7942
1041,3635,3636
1043,3639,3638
1046,3640,3639
1048,3638,3640
1050,3645,3641
1051,3655,3654
1054,3657,3659
1062,3657,3661
1064,3659,3661
1065,3670,3671
1067,3684,3683
1069,3696,3700
1071,3704,3705
1072,3704,3706
1075,3719,3720
1077,3755,3748
1081,3768,3769
1083,3776,3774
1084,3777,3778
1086,3786,3784
1088,3808,3810
1091,3810,3811
1092,3811,3808
1094,3825,3831
1096,3832,8025
1098,3836,3833
1100,3853,3833
1101,3853,3836
1105,3857,3835
1106,3818,3837
1110,3866,3865
1113,3888,3889
1115,3890,3893
1117,3895,3896
1119,3915,3918
1122,3918,3919
1123,3919,3915
1125,3917,3920
1127,3925,3926
1129,3938,3817
1132,3947,3943
1134,3945,3948
1135,3951,3952
1137,3959,3960
1140,3960,3963
1141,3963,3959
1143,3973,3974
1144,3973,3976
1146,3974,3976
1149,3977,3978
1151,3984,3985
1153,4021,4022
1156,4025,4026
1160,4026,4027
1161,4025,4027
1162,4040,4042
1164,4045,4078
1166,4049,4053
1168,4049,4057
1169,4049,4082
1173,4063,4051
1178,4083,4049
1179,4075,4079
1181,4081,4050
1182,4081,4070
1185,4102,4100
1186,4102,4101
1189,4104,4105
1194,4110,4109
1195,4111,4109
1196,4112,4109
1197,4119,4120
1199,4128,4133
1201,4132,4123
1202,4132,4134
1203,4130,4134
1207,4142,4143
1209,4174,4176
1214,4178,4185
1215,4177,4178
1216,4177,4185
1222,4179,4180
1224,4173,4179
1225,4173,4180
1226,4167,4173
1227,4167,4179
1228,4167,4180
1229,4181,4175
1233,4198,4199
1234,4198,4200
1236,4199,4200
1238,4216,4215
1239,4221,4222
1240,4222,4221
1241,4268,4267
1243,4289,4290
1244,4289,4292
1246,4290,4291
1247,4290,4292
1252,4291,4292
1255,4310,4311
1257,4323,4324
1259,4260,4329
1261,4318,4332
1263,4335,4336
1265,4341,4338
1267,4343,4342
1270,4369,4368
1271,4392,4393
1273,4403,4406
1275,4404,4405
1277,4416,4420
1281,4417,4422
1283,4430,4431
1284,4430,4432
1286,4431,4432
1289,4435,4438
1291,4439,4440
1293,4445,208
1295,208,209
1298,209,4445
1299,4450,4452
1301,4456,4457
1304,4459,4458
1306,4466,4467
1307,4466,4468
1308,4466,4469
1310,4467,4468
1311,4467,4469
1314,4468,4469
1315,4470,4469
1321,4472,4471
1323,4504,4505
1325,4509,4507
1327,4523,4616
1329,4529,4530
1332,4531,4530
1334,4529,4531
1335,4537,4539
1336,4537,4540
1338,4539,4540
1341,4555,4553
1343,4549,4557
1345,4551,4556
1347,4567,4580
1348,4567,4583
1350,4580,4583
1353,4584,4594
1355,4578,4590
1358,4599,4584
1359,4599,4594
1361,4614,4613
1366,4632,4633
1367,4631,4632
1368,4631,4633
1369,4656,4657
1370,4656,4661
1372,4657,4659
1373,4657,4660
1374,4657,4661
1376,4659,4660
1378,4659,4661
1381,4660,4661
1386,4662,4663
1389,4677,4680
1391,4690,4682
1393,4691,4692
1395,4693,4694
1396,4694,4693
1397,4728,4729
1398,4728,4732
1400,4729,4732
1403,4740,4741
1406,4748,4747
1408,4749,4744
1412,4751,4746
1413,4751,4753
1414,4751,8026
1415,4753,4746
1417,4753,8026
1418,8026,4746
1421,4764,
1424,4765,8027
1425,4765,4766
1431,4766,8027
1433,4767,4765
1439,4770,4769
1442,4787,4788
1443,4787,4790
1445,4779,4787
1448,4784,4779
1449,4784,4787
1450,4784,4788
1451,4784,4790
1452,4788,4779
1455,4788,4790
1456,4790,4779
1460,4787,4785
1461,4790,4785
1465,4784,4789
1466,4793,4795
1467,4793,4796
1469,4795,4796
1472,4801,4802
1474,4805,4806
1476,4811,4815
1478,4823,4824
1480,4826,4827
1482,4835,4836
1484,4838,4841
1486,4847,4846
1487,4847,4845
1490,8028,4847
1491,4842,4847
1492,4846,8028
1494,4880,4879
1496,4889,4888
1499,4890,4888
1500,4890,4889
1501,4907,4908
1502,4907,4909
1503,4907,4910
1505,4908,4909
1506,4908,4910
1509,4909,4910
1513,4932,4922
1515,4946,4939
1517,4935,4940
1524,4937,4938
1525,4937,4942
1526,4937,4943
1527,4937,4945
1528,4937,4947
1530,4942,4938
1531,4942,4943
1532,4942,4945
1533,4942,4947
1535,4943,4938
1537,4943,4945
1538,4943,4947
1540,4945,4938
1543,4945,4947
1545,4947,4938
1549,4948,4949
1550,4948,4951
1552,4949,4951
1555,4966,4967
1557,4975,4976
1559,4998,4996
1561,4999,5000
1563,5002,5003
1565,5007,5008
1567,5015,5017
1568,5015,5021
1569,5015,5022
1571,5017,5021
1575,5016,5019
1576,5016,5023
1578,5019,5023
1581,5025,5026
1583,5046,5048
1585,5051,5050
1587,5040,5053
1589,5049,8029
1592,5060,5051
1593,5050,5060
1595,5078,5079
1597,5084,5085
1599,5104,5093
1601,5119,5118
1604,5125,5124
1605,5126,5128
1608,5136,5135
1610,8031,5167
1611,8031,5168
1614,5170,5171
1617,5173,5172
1618,5174,5175
1620,5194,5195
1622,5237,5238
1624,5284,5270
1627,5270,5273
1628,5270,5275
1632,5273,5275
1633,5273,5284
1636,5275,5284
1637,5272,5274
1638,5272,5281
1640,5274,5281
1643,5276,5280
1648,5272,5282
1649,5274,5282
1650,5281,5282
1651,5285,5286
1654,5307,5306
1655,5312,5314
1657,5324,5310
1660,403,5329
1661,5335,5336
1663,5349,5350
1666,5350,5353
1667,5353,5349
1669,5355,5356
1672,5361,5362
1674,5366,5368
1676,5374,5372
1677,5374,5375
1684,5372,5379
1685,5375,5372
1689,5376,5374
1690,5379,5372
1691,5379,5374
1692,5379,5375
1695,5373,5378
1697,5380,5373
1698,5380,5378
1699,5392,5393
1700,5393,5392
1701,5395,5396
1703,5417,5415
1705,5422,5423
1707,5441,5442
1709,5447,5448
1711,5453,5454
1714,5463,5464
1715,5464,5463
1717,5542,5544
1719,5547,5545
1721,5553,5556
1723,5558,5560
1724,5558,5561
1725,5559,5561
1729,5567,5568
1731,5698,5569
1733,5605,5602
1735,5615,5616
1737,5628,5623
1739,5641,5642
1742,5648,5646
1743,5649,5650
1745,5655,5656
1746,5655,5657
1748,5656,5657
1751,5675,5676
1753,5678,5680
1755,5692,5693
1762,5699,5700
1764,5696,5699
1765,5696,5700
1766,5694,5696
1767,5694,5699
1768,5694,5700
1769,5706,5707
1771,5712,5671
1773,5719,5720
1775,5725,5729
1777,5726,5732
1779,5733,5729
1781,5725,5733
1783,5745,5744
1785,5765,5766
1787,5774,5776
1789,5776,5777
1793,5799,5808
1794,5799,5815
1795,5810,5798
1797,5820,5821
1799,5824,5825
1802,5827,5826
1803,5829,5830
1805,5833,5834
1807,5841,5842
1809,5866,5867
1810,5866,5868
1812,5867,5868
1815,5876,5875
1817,5872,5873
1819,5886,5887
1821,5911,5912
1823,5940,5939
1825,5948,5949
1827,5957,5956
1829,5972,5974
1831,5971,5975
1833,6012,6013
1835,6017,6015
1837,6026,6029
1839,6031,6032
1841,6043,6044
1843,6054,6048
1845,6048,6049
1848,6049,6054
1850,6052,6049
1851,6052,6050
1852,6052,6054
1853,6048,6052
1858,6076,6075
1861,6075,6079
1862,6076,6079
1863,6087,6088
1864,6087,6089
1866,6088,6089
1869,6092,6093
1871,6098,6100
1873,6104,6102
1875,6536,6139
1878,6141,6140
1880,6139,6141
1882,6536,6141
1884,6161,6160
1886,6167,6166
1890,6188,6185
1891,6188,6189
1892,6188,6191
1893,6189,6185
1895,6189,6191
1896,6191,6185
1899,6213,6214
1901,6254,6255
1905,6260,6261
1906,6260,6263
1908,6261,6263
1909,6267,6268
1911,6285,6286
1913,6289,6290
1914,6289,6291
1916,6290,6291
1919,6294,6295
1921,6300,6301
1923,6319,6321
1925,6326,6327
1927,6332,6333
1929,6342,6343
1931,6346,6345
1933,6358,6359
1935,6361,6360
1937,6367,6368
1939,6369,6370
1941,6372,6373
1943,6378,6377
1945,6388,6389
1947,6408,5931
1949,6424,6403
1951,6430,6431
1953,6443,6444
1954,6445,6446
1956,6475,6449
1959,6420,6451
1960,6452,6453
1962,6464,6465
1963,6464,6466
1964,6464,6470
1965,6464,6471
1967,6465,6466
1968,6465,6470
1969,6465,6471
1972,6466,6470
1973,6466,6471
1977,6470,6471
1982,6467,6468
1984,6472,6469
1985,6472,6473
1986,6472,8034
1988,6469,6473
1989,6469,8034
1992,6473,8034
1996,6479,6478
2000,6484,6486
2001,6484,6487
2003,6486,6487
2004,6499,6500
2005,6499,6501
2006,6499,6502
2008,6500,6501
2009,6500,6502
2012,6501,6502
2016,6517,6514
2018,6523,6524
2020,6520,6527
2022,6528,6529
2024,6534,6533
2026,6550,6551
2027,6590,6583
2029,6584,6581
2031,6580,6586
2033,6584,6587
2036,6587,6581
2037,6578,6588
2041,6602,6604
2043,6610,6607
2045,6622,6620
2047,6628,6629
2049,6652,6653
2051,6658,6662
2054,6674,6675
2055,6681,6686
2057,6698,6780
2059,6712,6713
2061,6729,6728
2065,6730,6728
2066,6730,6729
2067,6743,6745
2072,6746,6747
2073,6746,6750
2074,6746,6761
2077,6747,6761
2078,6747,6750
2081,6750,6761
2082,6748,6765
2085,6762,6758
2086,6751,6758
2087,6751,6762
2090,6760,6752
2092,6774,6775
2094,6779,6780
2096,6783,6798
2099,6786,6798
2101,6783,6786
2102,6784,6796
2104,6795,6785
2106,6787,6788
2108,6805,6806
2110,6835,6834
2112,6838,6839
2114,6858,6859
2116,6865,6866
2119,1079,1229
2121,6905,6906
2123,6907,6906
2130,6920,6921
2132,6920,6895
2133,6921,6895
2134,7802,6947
2136,6971,6974
2138,6993,6992
2140,6995,6996
2142,7007,7011
2144,7019,7022
2146,7025,7026
2148,7051,7053
2150,7052,7054
2151,7048,7054
2154,7055,7056
2156,7086,7087
2158,7103,7101
2160,7117,7114
2162,7127,7116
2164,7134,7112
2166,7139,7140
2169,7186,7184
2170,7208,7215
2172,7216,7217
2174,3885,7218
2176,7221,7219
2178,7238,7239
2181,7245,7240
2183,7246,7247
2185,7254,7259
2192,7266,7267
2193,7265,7264
2194,7265,7266
2195,7265,7267
2197,7264,7266
2198,7264,7267
2199,7289,7290
2201,7297,7299
2202,7297,7300
2203,7297,7304
2204,7297,7308
2206,7299,7300
2207,7299,7304
2208,7299,7308
2211,7300,7304
2212,7300,7308
2216,7304,7308
2221,7302,7303
2226,7356,7348
2229,7347,7348
2230,7347,7356
2231,7375,7374
2233,7377,7378
2237,7396,8036
2239,7408,7409
2241,7413,7414
2243,7449,7444
2244,7449,7450
2245,7450,7444
2252,7446,7447
2253,7446,7448
2254,7446,7457
2256,7447,7448
2257,7447,7457
2260,7448,7457
2261,7452,7456
2266,8037,7452
2267,8037,7456
2268,7460,7461
2269,7460,8038
2271,7461,8038
2274,7485,7486
2275,7485,7487
2277,7486,7487
2280,7512,7503
2282,7517,7519
2284,7520,7504
2286,7529,7527
2288,7530,7523
2290,7541,7539
2292,7557,7555
2294,7567,7568
2296,7582,7583
2297,7582,7585
2299,7583,7585
2302,7597,7594
2304,7611,7612
2306,7637,7638
2308,7651,7650
2310,7659,7660
2316,7667,7668
2317,7667,7669
2318,7667,7670
2319,7667,7671
2321,7669,7668
2322,7669,7670
2323,7669,7671
2325,7670,7668
2327,7670,7671
2330,7671,7668
2333,7683,7684
2335,7685,7686
2339,7696,7695
2340,7696,7698
2341,7698,7695
2343,7701,7700
2345,7702,7703
2347,7723,7722
2349,7736,7737
2352,7738,4766
2353,7738,4768
2354,7739,7738
2355,7739,4766
2356,7739,4768
2357,7741,7742
2358,7741,7743
2359,7745,7740
2362,7748,7753
2363,7749,7748
2364,7749,7753
2366,7765,7766
2368,7773,7664
2370,7788,4326
2371,7812,414
2372,7820,4356
2373,7848,6392
2374,7849,2707
2375,7867,7072
2376,7868,3808
2377,7878,2118
2378,7879,6680
2379,7904,3396
2380,7907,2508
2381,7908,4068
2382,7917,2227
2383,7935,1266
2384,7942,3617
2385,7946,2517
2386,7951,7953
2387,7964,5838
2389,7969,195
2390,7970,5838
2391,7972,2523
2392,7974,3747
2393,7975,155
2394,7983,157
2395,7986,5621
2396,7988,7989
2397,7988,4351
2399,3245,3244
2400,3244,502
2401,3245,502
2404,5013,4486
2406,6366,6455
2409,8040,26
2410,66,8041
2413,8041,8042
2414,8042,66
2416,102,8043
2419,8044,835
2421,141,139
2424,7994,141
2425,139,7994
2432,134,135
2433,134,138
2435,135,7996
2438,138,7996
2442,142,7996
2446,7834,7831
2447,7831,7834
2449,132,131
2450,1596,483
2453,1650,1649
2454,1649,1652
2457,4366,4365
2458,5339,5386
2460,8045,6868
2462,2862,1733
2463,481,2911
2466,1043,1045
2467,1043,1051
2468,1045,1051
2472,133,144
2473,2051,2449
2475,798,797
2477,4987,328
2479,4698,4699
2481,4698,8053
2482,4699,8053
2488,8054,7385
2494,257,321
2496,42829,10346
2497,11869,39486
2498,9684,11276
2499,9919,13957
2502,17541,15439
2503,28699,40158
2504,43802,38592
2505,43802,42025
2507,8615,35724
2512,44005,15315
2513,5112,17338
2515,44042,26084
2516,37043,34709
2518,37043,8065
2519,11308,43501
2520,44055,29022
2521,18128,19983
2522,8743,14425
2523,44993,9131
2524,44993,25026
2525,28560,44401
2526,28560,44401
2527,46110,18469
2530,8744,20101
2531,14080,19019
2532,46112,15682
2533,15573,25031
2534,8407,9731
2535,36695,9731
2536,36695,8407
2537,46113,19234
2538,46119,8060
2539,8752,15534
2541,8752,18899
2542,8752,36143
2543,46120,25736
2544,46121,22779
2546,28337,42963
2547,28337,19341
2548,28337,20497
2549,23514,24590
2550,23514,40475
2551,23514,25587
2552,24742,24669
2553,46140,39164
2554,46142,33448
2555,46144,40527
2556,8109,17837
2557,46150,35989
2558,45266,34683
2559,43776,29693
2560,31319,41042
2561,31324,25469
2562,46184,46185
2563,8409,638
2564,46198,25706
2565,46198,28363
2566,10359,17863
2569,8813,11227
2570,8813,19512
2571,46212,26566
2572,13404,763
2573,13404,10278
2574,36435,15050
2575,41221,13070
2576,41221,44517
2577,41221,36251
2578,10909,17808
2579,10173,8276
2580,46247,12674
2581,36606,20759
2582,46255,20159
2583,46258,18992
2584,26689,27506
2585,26689,31306
2586,26689,31325
2587,46261,37961
2588,30731,37237
2589,46290,25429
2591,9468,18968
2592,11007,10610
2593,11007,23712
2594,11264,20449
2595,14321,8919
2596,14321,28121
2597,8955,13814
2598,1864,19284
2599,8817,15495
2600,22393,44648
2601,28222,27273
2603,46333,19594
2604,24512,26037
2605,43229,27499
2606,43229,29467
2607,17166,36665
2608,28324,27585
2609,8189,11598
2610,46391,46390
2614,46398,12856
2615,8956,17939
2616,8957,41150
2617,8957,41383
2618,46406,31347
2619,14142,12241
2620,46418,842
2621,27912,30184
2622,24258,22866
2623,46423,13054
2624,46430,44034
2625,46441,15869
2626,2110,8754
2627,12736,14423
2629,46445,14423
2630,5593,45265
2631,42344,46449
2632,42596,18529
2633,42596,19285
2634,46453,40064
2635,46453,42227
2637,2263,8186
2638,9703,28031
2639,9703,18055
2640,13519,17864
2641,29389,28903
2642,9904,13716
2643,46488,40458
2644,15932,28189
2645,15932,36292
2646,15932,39443
2647,34650,41535
2648,34650,34651
2649,46512,11115
2650,46523,15406
2652,30193,43959
2653,46532,29251
2654,46543,43880
2655,46543,22087
2656,2353,39680
2657,46552,35116
2658,46563,20078
2659,46568,40760
2660,46569,11115
2661,46569,46512
2662,46571,30333
2663,46574,25688
2664,11690,10896
2665,26346,16244
2666,26346,29670
2667,26346,44692
2669,31013,46610
2670,25401,38514
2671,8492,18691
2672,33187,7358
2673,33187,14218
2674,9635,13036
2675,8324,9692
2676,8324,15506
2677,1511,40531
2678,8671,14757
2679,8671,44529
2680,43872,21908
2681,8590,44898
2682,14690,39960
2683,8672,22205
2684,43855,40899
2686,8098,9091
2687,8098,15044
2689,23922,26471
2690,23922,28011
2691,8588,35068
2692,44587,28687
2693,4528,44892
2694,18406,4300
2695,10181,8750
2696,10181,11520
2697,9869,8491
2698,9826,26421
2699,9826,27396
2700,8489,17462
2701,46687,17462
2702,46692,18088
2703,9396,8335
2704,18191,13666
2705,35670,46698
2706,35670,46699
2707,11940,25749
2708,46701,26028
2709,9224,14715
2710,15189,14715
2713,46730,42131
2714,46730,42765
2715,46702,26028
2716,46733,15894
2717,16654,16272
2718,16654,18493
2719,16654,19994
2720,17801,12406
2721,3431,22226
2722,3658,14338
2723,11217,10570
2724,2283,2285
2725,17343,39435
2726,46791,41135
2727,46798,35588
2728,46800,8274
2729,9014,27615
2730,46805,41520
2731,25095,24593
2732,20102,41685
2733,46822,34236
2734,46843,43421
2736,8416,34602
2737,8416,36644
2738,34278,36168
2739,3765,46856
2740,3765,34602
2743,9628,8751
2744,46860,15685
2745,8583,9621
2746,35690,34998
2747,35690,38216
2748,9093,11926
2749,8812,22472
2750,46876,17723
2751,17723,17566
2752,46889,18720
2753,46891,8837
2754,8413,21745
2755,46910,43401
2756,46922,9103
2757,9287,7559
2758,9834,4201
2759,46942,4201
2760,46942,9834
2761,17762,20469
2762,46951,10249
2763,44148,19875
2765,46969,43125
2766,46977,7421
2768,24795,26848
2770,14589,32094
2771,20609,21680
2772,20609,23564
2773,20609,18641
2774,25454,21999
2775,21287,15564
2776,36452,10158
2777,47032,12611
2778,47034,24868
2779,47034,18219
2780,47034,26931
2781,8333,32230
2782,10998,16480
2783,27530,37742
2784,40392,27530
2785,40392,37742
2786,40392,23806
2787,23806,27530
2788,23806,37742
2789,25034,20911
2790,25034,36808
2791,25034,43454
2792,1115,32249
2793,12360,41173
2794,47069,13840
2796,12874,21766
2797,43898,15299
2798,47077,15299
2799,47077,43898
2800,8188,11386
2801,8188,9399
2802,9128,12583
2803,9128,20196
2804,18166,15315
2805,18166,44005
2806,8411,10176
2807,8801,27397
2808,15206,25432
2809,47106,43364
2810,47106,25975
2811,9478,8200
2812,24741,19329
2813,24741,25413
2814,24741,8849
2815,22363,10517
2816,47122,27051
2817,43272,33933
2818,47135,18681
2819,47141,26262
2820,43938,13078
2821,9731,29936
2822,47157,12698
2823,47165,26310
2824,47170,7347
2825,47171,7354
2827,10201,8501
2828,47190,23466
2829,47192,43528
2830,17422,3193
2832,9344,15825
2833,3955,3956
2835,9481,8422
2836,9481,21682
2837,28401,9950
2838,47276,43811
2839,11795,14432
2840,47280,12085
2841,9419,13226
2842,12010,9824
2843,9058,11178
2844,43844,19637
2845,40761,9136
2846,43880,22087
2847,9488,17236
2848,47314,8268
2849,43888,25846
2850,47324,23529
2851,47327,9675
2852,8594,9413
2853,8594,12262
2854,10013,12857
2855,43901,17640
2856,10683,38095
2857,4646,28419
2858,43910,44511
2859,43910,23794
2860,43910,47346
2861,39083,25107
2862,19355,23789
2863,19355,28994
2864,23655,19406
2865,10586,11460
2866,43920,10586
2867,43920,11460
2868,30347,41603
2869,10076,43939
2870,43940,17290
2871,43948,36625
2872,43953,19947
2873,26325,32059
2874,43970,24470
2875,39177,40870
2876,47399,19474
2877,12189,20193
2878,13222,8119
2879,6108,44286
2880,47416,8066
2881,46201,11692
2882,47426,11692
2883,47426,46201
2884,9053,13637
2885,9053,14265
2886,8439,15984
2887,8439,29926
2888,18219,25080
2889,10901,9874
2890,10901,10769
2891,10901,12070
2892,47448,31918
2893,47454,20870
2894,47454,28548
2895,21127,38708
2896,47458,39352
2897,47460,8104
2898,47465,8104
2899,23401,31296
2900,47477,13387
2901,47477,16092
2902,47477,32169
2903,12099,10726
2904,47483,26144
2905,47495,34789
2906,47499,26184
2907,13951,8802
2908,25193,47499
2909,47505,25340
2910,11621,28400
2911,11621,29461
2912,11621,44624
2913,43783,42711
2914,47522,13086
2915,47540,32427
2916,47545,47026
2917,47548,12970
2918,47557,26242
2919,47557,46151
2920,47558,46668
2921,47561,22147
2922,44054,45149
2923,47580,26327
2924,47610,25804
2925,24410,14853
2926,43518,19757
2929,9971,44948
2930,15659,23504
2931,2176,10904
2932,35329,32977
2933,10385,9979
2934,8682,16360
2935,18982,8716
2936,18982,14511
2937,18982,12983
2938,18982,12643
2939,10123,15639
2940,938,18844
2941,18844,942
2942,15768,18468
2943,10050,15794
2944,10050,23145
2945,10050,35978
2946,8056,17315
2947,41627,33722
2948,34349,18326
2949,29128,12986
2950,15797,44601
2951,22562,42663
2952,40375,35564
2953,20732,22307
2954,32465,36002
2955,44881,14993
2956,8636,16612
2957,29018,19502
2958,32199,35486
2959,32199,44809
2960,44809,35486
2961,13251,26872
2962,14682,34929
2964,10002,8423
2965,44035,32106
2966,44035,37741
2967,46517,46473
2968,9468,46774
2969,3005,14042
2970,47622,29191
2971,46914,32085
2972,43856,25586
2973,43909,42791
2974,25971,46877
2975,41599,29586
2976,26080,8808
2977,26080,35496
2978,47632,38998
2979,47633,26803
2980,8744,13750
2981,43904,10646
2982,47634,10646
2983,47634,43904
2984,34859,15571
2985,34859,16401
2986,47636,16791
2989,47648,46701
2990,5563,35541
2991,10694,37180
2992,10694,36212
2993,47649,10602
2994,47653,47452
2995,9735,14185
2996,10574,12125
2998,47654,39769
2999,17269,45258
3000,17269,32780
3001,47662,7421
3002,19107,8595
3003,30161,30275
3004,8377,15776
3005,30430,9690
3006,47035,47544
3007,27732,10760
3008,10116,25378
3009,47664,20300
3012,9048,17990
3013,9048,33550
3014,9048,17465
3015,9048,22735
3016,9048,9490
3018,9490,17990
3019,9490,33550
3020,9490,17465
3021,9490,22735
3026,17990,33550
3027,17990,17465
3028,17990,22735
3029,33550,17465
3030,33550,22735
3031,17465,22735
3032,11499,9048
3033,11499,9490
3034,11499,17990
3035,11499,33550
3036,11499,17465
3037,11499,22735
3038,2178,2173
3040,2175,10904
3041,2176,10703
3042,10703,2175
3043,10703,10904
3044,24993,27826
3045,46536,46729
3046,43879,47644
3048,3014,30400
3049,35983,20447
3050,35983,34714
3052,3235,10716
3053,11800,28093
3054,44956,20647
3056,28478,19140
3057,33961,36168
3058,9949,8098
3059,9949,15044
3060,9949,22404
3061,17781,9109
3062,17781,8515
3063,17781,44401
3064,39654,40310
3065,9340,10592
3066,20137,12383
3067,20137,26087
3068,20137,28342
3069,26087,12383
3070,26087,28342
3071,28342,12383
3072,9868,12616
3073,11356,18166
3074,4,3
3075,41393,34642
3076,41393,33707
3077,34642,33707
3078,32626,7736
3079,32626,7737
3080,20776,27439
3081,39326,27899
3082,41946,13671
3083,44925,14024
3084,9510,47129
3085,41169,13348
3086,39046,14429
3087,18093,16831
3088,6575,23364
3089,22365,20609
3090,80,8075
3091,35280,18483
3092,35280,8362
3093,8362,18483
3094,88,8059
3095,89,8059
3096,90,8059
3097,91,8059
3098,175,174
3099,199,198
3100,17523,11880
3101,17523,32164
3102,32164,11880
3103,44960,15427
3104,28156,38959
3105,10396,8590
3106,10396,20707
3107,10396,43269
3108,10396,44898
3109,47874,6075
3110,47874,6076
3111,47874,6079
3112,47874,47785
3113,47891,41734
3114,48148,1658
3115,48148,6107
3116,48151,1350
3117,47927,47902
3118,39546,47914
3119,47920,13208
3120,5219,45043
3121,5219,8137
3122,43042,23914
3123,5874,35344
3124,48065,37043
3125,48065,8065
3126,47929,35648
3127,47929,41268
3128,47997,47753
3129,1741,1740
3130,13453,1068
3131,13453,16575
3132,13453,29740
3133,29740,41597
3134,47728,5172
3135,47728,5173
3136,47739,352
3137,47766,27535
3138,47766,47847
3139,48136,48118
3140,48100,48136
3141,48100,48118
3142,48111,47767
3143,47772,21305
3144,47772,27459
3145,48043,5183
3146,48063,45244
3147,14539,11833
3148,8704,17259
3149,31260,34937
3150,16256,36090
3151,42354,22327
3152,17567,8960
3153,17567,10025
3154,8960,10025
3155,10025,23224
3156,26143,23796
3157,26143,24776
3158,24776,23796
3159,13488,18459
3160,9216,11947
3161,9216,23383
3162,23383,11947
3163,18443,39308
3164,27658,9330
3165,27658,16514
3166,27658,36461
3167,36461,9330
3168,36461,16514
3169,9330,16514
3170,27675,13937
3171,13488,38938
3172,13488,39030
3173,13488,44768
3174,18459,38938
3175,18459,39030
3176,18459,44768
3177,38938,39030
3178,38938,44768
3179,44768,39030
3180,22303,29078
3181,24131,9822
3182,9728,19741
3183,9728,22333
3184,9728,32050
3185,9728,41786
3186,19741,22333
3187,19741,32050
3188,19741,41786
3189,22333,32050
3190,22333,41786
3191,32050,41786
3192,9984,35073
3193,35469,9984
3194,35469,35073
3195,41496,9984
3196,41496,35073
3197,41496,35469
3198,10527,16282
3199,13759,14610
3200,13759,15687
3201,14610,15687
3202,29356,20685
3203,29356,25515
3204,25515,20685
3205,22096,10240
3206,22096,10332
3207,22096,12140
3208,10332,10240
3209,10332,12140
3210,12140,10240
3211,21478,27366
3212,21478,20685
3213,21478,25515
3214,27366,20685
3215,27366,25515
3216,28934,8367
3217,28934,16505
3218,28934,22573
3219,28934,35863
3221,35863,8367
3222,35863,16505
3223,35863,22573
3224,22573,8367
3225,22573,16505
3226,16505,8367
3227,16505,16505
3228,32038,37189
3229,17610,10392
3231,8579,26045
3232,10496,8174
3233,10496,36279
3234,10496,43320
3235,43320,8174
3236,43320,36279
3237,36279,8174
3238,8283,633
3239,8283,15209
3240,15209,633
3241,32306,633
3242,32306,8283
3243,32306,15209
3244,39719,13392
3245,8750,11520
3246,16200,42902
3247,25164,16200
3248,25164,42902
3249,34608,32667
3250,40262,14550
3251,35859,4439
3252,35859,4440
3253,11248,13016
3254,12032,9449
3255,12032,10258
3256,12032,21656
3257,12032,33927
3258,12032,34811
3259,12032,36151
3260,12032,38858
3261,10258,9449
3262,10258,21656
3263,10258,33927
3264,10258,34811
3265,10258,36151
3266,10258,38858
3267,36151,9449
3268,36151,33927
3269,36151,34811
3270,36151,38858
3271,33927,9449
3272,33927,34811
3273,33927,38858
3274,21656,9449
3275,21656,33927
3276,21656,34811
3277,21656,36151
3278,21656,38858
3279,38858,9449
3280,38858,34811
3281,9449,34811
3282,40038,8400
3283,40038,41086
3284,41086,8400
3285,42819,12288
3286,48179,39957
3287,48179,12288
3288,48179,42819
3289,17917,12544
3290,45112,27600
3291,17043,17638
3292,6637,44750
3293,16944,17043
3294,16944,17638
3295,14336,11527
3296,17379,26019
3297,30792,31123
3298,15104,13606
3299,15360,14631
3300,15360,16758
3301,17494,19350
3302,17494,19190
3303,29164,10902
3305,11627,12443
3306,11627,12442
3307,16807,44288
3308,44288,19988
3309,14658,13324
3310,8384,9166
3311,9394,16312
3312,17664,21332
3313,36016,35761
3314,12993,18607
3315,18688,9671
3316,18688,27900
3317,9671,27900
3318,36967,44467
3319,9807,28521
3320,35189,9807
3321,35189,28521
3322,15424,9848
3323,15424,10464
3324,15424,11844
3325,15424,27864
3326,15424,42973
3327,15424,44276
3328,11844,9848
3329,11844,10464
3330,11844,27864
3331,11844,42973
3332,11844,44276
3333,9848,10464
3334,9848,27864
3335,9848,42973
3336,9848,44276
3337,27864,10464
3338,27864,42973
3339,27864,44276
3340,42973,10464
3341,42973,44276
3342,10464,44276
3343,41761,9848
3344,41761,10464
3345,41761,10475
3346,41761,11844
3347,41761,15424
3348,41761,17484
3349,41761,27864
3350,41761,41761
3351,41761,42973
3352,41761,44276
3353,17484,9848
3354,17484,10464
3355,17484,10475
3356,17484,11844
3357,17484,15424
3358,17484,27864
3359,17484,42973
3360,17484,44276
3361,10475,9848
3362,10475,10464
3363,10475,11844
3364,10475,15424
3365,10475,27864
3366,10475,42973
3367,10475,44276
3368,40863,9848
3369,40863,10464
3370,40863,11844
3371,40863,15424
3372,40863,27864
3373,40863,42973
3374,40863,44276
3375,9273,3871
3377,9273,10819
3378,9273,29506
3379,29506,3871
3380,29506,8567
3381,29506,10819
3382,10819,3871
3383,10819,8567
3384,30758,20890
3385,30758,28009
3386,30758,35368
3387,30758,37067
3388,30758,37074
3389,30758,19842
3390,20890,28009
3391,20890,35368
3392,20890,37067
3393,20890,37074
3394,20890,19842
3395,35368,28009
3396,35368,37067
3397,35368,37074
3398,35368,19842
3399,28009,37067
3400,28009,37074
3401,28009,19842
3402,37067,37074
3403,37067,19842
3404,37074,19842
3405,42239,11163
3406,42239,19712
3407,11163,19712
3408,9274,9885
3409,9274,14437
3410,9274,18542
3411,9274,20224
3412,9274,21266
3413,9885,14437
3414,9885,18542
3415,9885,20224
3416,9885,21266
3417,14437,18542
3418,14437,20224
3419,14437,21266
3420,18542,20224
3421,18542,21266
3422,20224,21266
3423,11764,10663
3424,41785,38591
3425,41785,40877
3426,40877,38591
3427,20736,40338
3429,8675,9173
3430,12388,22701
3431,37969,12388
3432,37969,22701
3433,8757,9137
3434,8757,22651
3435,17634,21964
3436,17634,22215
3437,22215,17634
3438,22215,21964
3439,16593,11165
3440,21213,12769
3441,20298,20907
3442,22639,9370
3443,22639,26098
3444,9370,26098
3445,21760,13183
3446,21760,27999
3447,21760,35107
3448,35107,13183
3449,35107,27999
3450,27999,13183
3451,32522,34240
3452,32522,44943
3453,44943,34240
3454,12096,25585
3455,24453,23921
3457,27329,23921
3458,34415,13235
3459,34415,44877
3460,34415,47884
3461,47884,13235
3462,47884,44877
3463,8057,8112
3464,42923,11189
3465,22589,19572
3466,23438,19572
3467,23438,22589
3468,40548,9031
3469,40548,18183
3470,9031,18183
3471,26399,23768
3472,23068,8064
3473,23068,26271
3474,30238,6442
3476,9117,6444
3477,9117,6443
3478,41241,24912
3480,8063,30240
3481,44156,26218
3482,44156,40912
3483,10366,8068
3484,13458,11123
3485,11123,27488
3486,11123,34549
3487,27488,34549
3488,27488,13458
3489,34549,13458
3490,43771,40247
3491,24598,23867
3492,24598,24055
3493,23867,24055
3494,26082,21576
3495,27848,8402
3496,37991,42050
3497,24792,28139
3498,33729,34203
3499,37984,12547
3500,37984,20734
3501,12547,20734
3502,17651,42606
3503,12763,20945
3504,11847,31765
3505,11312,28566
3506,9068,27576
3507,9356,18131
3508,11730,13982
3509,13137,28245
3510,25132,13137
3511,15229,38370
3512,15229,44078
3513,38370,44078
3514,17924,23297
3515,17924,23014
3516,37826,19658
3517,37826,22486
3519,12335,19658
3520,12335,22486
3521,12335,37826
3522,19658,22486
3523,8039,8438
3524,8947,40123
3525,43544,20259
3526,24491,13614
3527,14673,21304
3528,21345,11317
3529,48186,16173
3530,40073,39988
3531,8910,36117
3532,14962,20619
3533,9603,26725
3534,8630,7609
3535,13617,20025
3536,20864,36781
3537,48351,48238
3538,10897,12738
3539,18434,43231
3540,43231,10897
3541,43231,12738
3542,7776,20313
3543,44094,19027
3544,44094,11512
3545,19027,11512
3546,14950,12221
3547,30138,29654
3548,15286,7774
3549,17565,13941
3550,17565,15291
3551,13941,15291
3552,25300,25246
3553,28322,8505
3554,5711,20819
3555,33561,28518
3556,10859,28168
3557,12541,46496
3558,8513,8513
3559,40184,37427
3560,40184,39812
3561,24069,23412
3562,26303,22461
3563,48400,8701
3564,48400,10165
3565,8701,10165
3566,39304,9484
3567,39304,25805
3568,46914,40628
3569,22531,21017
3570,6232,6233
3571,3759,37557
3572,8412,10731
3573,8412,12382
3574,8008,35457
3575,8008,34953
3576,32596,11249
3577,32596,20096
3578,40753,33049
3579,40753,33384
3580,1411,1402
3581,46112,18186
3582,46112,44104
3583,9617,451
3584,9617,452
3585,9617,453
3586,21876,43854
3587,17264,43854
3588,19470,18381
3589,19470,9692
3590,35924,8966
3591,10550,32482
3592,10550,32537
3593,23547,23571
3594,20910,26426
3595,20910,10926
3596,26426,10926
3597,36569,10378
3598,7003,2336
3599,9382,11430
3600,10212,9926
3601,10118,8469
3602,1329,13360
3603,33372,15055
3604,3796,33021
3605,19288,42772
3606,19288,37876
3607,7703,30643
3608,7703,31114
3609,31114,7703
3610,10029,7361
3611,36736,40464
3612,47674,31428
3613,39681,48430
3614,48441,48438
3615,48443,48423
3616,48446,48422
3617,48454,48439
3618,48456,48419
3619,48018,40526
3620,48481,48461
3621,48486,2412
3622,48486,5577
3623,47690,32584
3624,9035,22225
3625,17212,9035
3626,17212,22225
3627,4327,4325
3629,17496,39080
3631,46818,24682
3632,47628,47406
3633,47628,13222
3634,46542,46572
3635,39083,22176
3636,39083,25107
3637,39083,44065
3638,22176,44065
3639,22176,25107
3640,10401,9223
3641,10401,22393
3642,15937,9223
3643,15937,10401
3644,15937,22393
3645,13987,6907
3646,9502,8698
3647,9034,41179
3648,37787,37410
3649,48549,15633
3650,48549,18383
3651,48549,24995
3652,48549,32348
3653,48550,13262
3654,48550,24191
3655,1945,7152
3656,3039,3250
3657,3039,2860
3658,3250,2860
3659,46966,12949
3660,15052,33190
3661,48551,18819
3662,48551,42844
3663,48552,43857
3664,47663,2174
3665,7153,7148
3666,40842,16375
3667,32932,45030
3668,32932,45192
3669,32932,32928
3670,35249,32932
3671,48086,2997
3672,4418,5303
3673,48553,33334
3674,48554,29848
3675,12931,20193
3676,12931,22579
3677,35507,8659
3678,26333,28599
3679,8504,35604
3680,8504,44181
3681,20479,48555
3682,46134,46750
3683,46750,46134
3684,39925,32455
3685,24149,19063
3686,12189,12931
3687,12189,6275
3688,12189,22579
3689,27399,41601
3690,31706,15461
3691,9398,46398
3692,24857,14602
3693,46196,24857
3694,3340,16736
3695,16736,3337
3696,40751,3338
3697,4411,31146
3698,18899,26223
3699,18899,15534
3700,8956,22011
3701,38220,39076
3702,41928,10874
3703,41928,41816
3704,8587,10318
3705,37039,38069
3706,47588,47592
3707,34998,38216
3708,23968,22079
